track	source	seconds	lufs	lra	true_peak	gain_db	peak_limited	after_lufs	after_true_peak
ad_bearclaw_diesel	opus	27.35	-20.86	1.94	-3.82	2.82	True	-17.89	-0.86
ad_black_kettle_coffee	opus	18.95	-18.46	1.34	-3.36	0.00	False	-18.46	-3.36
ad_dellas_blue_plate	opus	24.24	-21.50	4.06	-3.88	2.88	True	-18.55	-1.12
ad_granite_shield_insurance	opus	22.20	-21.16	2.67	-3.70	2.70	True	-18.36	-1.31
ad_ironline_tire	opus	23.27	-18.07	2.54	-3.51	0.00	False	-18.07	-3.51
ad_loadlasso_app	opus	21.18	-19.04	1.65	-3.69	1.04	False	-18.12	-2.74
ad_meridian_freight_hiring	opus	25.26	-21.58	1.54	-4.13	3.13	True	-18.44	-0.67
ad_milepost_ministries	opus	26.15	-21.20	2.20	-4.31	3.20	False	-18.00	-1.09
ad_northstar_freight_hiring	opus	22.40	-15.64	3.60	-1.97	-2.36	False	-18.08	-4.08
ad_prairie_link_hiring	opus	27.96	-21.65	7.20	-4.45	3.45	True	-18.23	-1.04
ad_quietcab_headsets	opus	20.39	-17.95	1.13	-3.78	0.00	False	-17.95	-3.78
ad_red_hawk_travel_centers	opus	25.63	-19.96	2.25	-3.36	1.96	False	-17.90	-1.28
ad_roadforge_boots	opus	23.78	-17.29	2.75	-3.13	-0.71	False	-17.83	-3.07
ad_silver_spray_wash	opus	22.93	-20.66	2.84	-3.48	2.48	True	-18.11	-1.46
ad_silver_stack_electronics	opus	25.03	-19.39	2.80	-3.55	1.39	False	-18.05	-2.33
ad_skyline_relay	opus	23.41	-23.38	1.54	-4.05	3.05	True	-20.28	-0.71
ad_smokestack_jerky	opus	24.38	-19.36	1.81	-3.85	1.36	False	-18.04	-2.94
ad_summit_value_hiring	opus	24.20	-16.85	1.80	-4.40	-1.15	False	-17.98	-5.39
ad_truelane_navigation	opus	21.55	-18.92	1.44	-4.06	0.92	False	-18.16	-3.32
ad_wagon_wheel_inn	opus	24.01	-20.41	2.67	-4.05	2.41	False	-17.94	-1.66
ad_weighahead_app	opus	24.47	-24.14	1.84	-3.35	2.35	True	-21.69	-1.15
drive_always_around	opus	201.88	-12.80	6.97	0.97	-5.20	False	-18.02	-3.86
drive_amber_lanes	opus	129.32	-13.57	4.07	0.28	-4.43	False	-17.98	-3.78
drive_bossa_to_blues	opus	223.16	-15.98	5.47	-3.74	-2.02	False	-17.96	-5.24
drive_canoe_trail	opus	204.96	-14.59	3.62	0.43	-3.41	False	-17.87	-2.86
drive_chrome_creek	opus	122.56	-14.78	2.47	0.20	-3.22	False	-17.96	-2.85
drive_county_line_cruise	opus	158.56	-13.85	4.16	0.66	-4.15	False	-17.94	-3.49
drive_dancing_firelight	opus	237.48	-12.67	5.55	0.77	-5.33	False	-18.03	-4.19
drive_dawn_push	opus	114.00	-14.22	5.59	-2.33	-3.78	False	-17.99	-5.82
drive_desert_two_lane	opus	234.64	-14.52	4.14	-3.63	-3.48	False	-17.90	-6.83
drive_golden_hour_freeway	opus	184.84	-13.45	5.73	0.61	-4.55	False	-17.99	-3.98
drive_green_mile_bend	opus	140.88	-14.07	4.32	-0.81	-3.93	False	-17.98	-4.41
drive_gunflint	opus	239.96	-13.65	5.64	1.19	-4.35	False	-17.99	-2.68
drive_high_plains_wind	opus	183.16	-14.05	4.84	-0.96	-3.95	False	-17.97	-4.67
drive_little_boat_trip	opus	212.04	-12.61	4.25	1.06	-5.39	False	-18.09	-3.93
drive_mountain_grade	opus	154.80	-25.54	4.98	-14.08	7.54	False	-17.99	-6.11
drive_open_sky_run	opus	175.96	-12.62	3.63	0.92	-5.38	False	-18.06	-4.64
drive_rain_day_cruise	opus	172.92	-15.51	6.14	-2.80	-2.49	False	-18.04	-4.83
drive_river_valley_roll	opus	164.12	-13.98	2.03	-0.96	-4.02	False	-18.00	-4.62
drive_silver_current	opus	149.00	-13.91	3.99	-0.91	-4.09	False	-18.02	-4.03
drive_two_lane_daydream	opus	127.12	-15.62	5.15	-0.96	-2.38	False	-18.10	-3.26
drive_urban_roll	opus	144.80	-15.28	2.33	-3.99	-2.72	False	-18.10	-6.48
host_afterhours_01	opus	4.50	-19.17	2.23	-3.28	1.17	False	-18.07	-1.88
host_afterhours_02	opus	5.62	-20.76	2.54	-3.33	2.33	True	-18.29	-0.80
host_afterhours_03	opus	5.11	-20.89	2.88	-3.61	2.61	True	-18.12	-0.85
host_afterhours_04	opus	4.09	-21.93	1.91	-3.74	2.74	True	-19.08	-0.44
host_afterhours_05	opus	4.23	-18.96	1.97	-3.67	0.96	False	-18.16	-2.85
host_afterhours_06	opus	4.32	-17.68	2.13	-3.01	0.00	False	-17.68	-3.01
host_afterhours_07	opus	4.18	-19.14	1.63	-4.01	1.14	False	-17.95	-2.84
host_afterhours_08	opus	3.20	-17.77	0.49	-3.08	0.00	False	-17.77	-3.08
host_bayou_01	opus	4.32	-19.40	1.23	-3.83	1.40	False	-17.99	-2.25
host_bayou_02	opus	3.61	-16.54	0.86	-3.49	-1.46	False	-17.95	-4.66
host_bayou_03	opus	3.20	-17.54	0.36	-3.51	0.00	False	-17.54	-3.51
host_bayou_04	opus	4.50	-18.45	1.02	-3.86	0.00	False	-18.45	-3.86
host_bayou_05	opus	3.25	-16.62	0.33	-3.15	-1.38	False	-17.91	-4.35
host_bayou_06	opus	2.55	-16.53	0.00	-3.46	-1.47	False	-17.98	-4.70
host_bayou_07	opus	3.81	-15.93	1.86	-3.63	-2.07	False	-18.04	-5.60
host_bayou_08	opus	2.88	-17.53	0.00	-3.86	0.00	False	-17.53	-3.86
host_bigsky_01	opus	7.71	-19.57	1.47	-3.70	1.57	False	-18.01	-2.12
host_bigsky_02	opus	7.89	-21.59	1.57	-4.22	3.22	True	-18.40	-1.23
host_bigsky_03	opus	6.22	-15.95	1.55	-4.33	-2.05	False	-18.09	-6.39
host_bigsky_04	opus	6.97	-18.12	1.92	-3.50	0.00	False	-18.12	-3.50
host_bigsky_05	opus	6.27	-20.47	1.18	-3.22	2.22	True	-18.11	-0.91
host_bigsky_06	opus	5.02	-17.92	1.02	-3.77	0.00	False	-17.92	-3.77
host_bigsky_07	opus	5.57	-17.14	0.91	-3.61	-0.86	False	-17.79	-4.08
host_bigsky_08	opus	7.38	-17.21	1.16	-3.37	-0.79	False	-17.75	-4.20
host_bigwheel_01	opus	5.25	-19.42	1.52	-3.74	1.42	False	-18.03	-2.30
host_bigwheel_02	opus	6.04	-18.44	0.52	-3.07	0.00	False	-18.44	-3.07
host_bigwheel_03	opus	4.55	-18.10	0.46	-3.82	0.00	False	-18.10	-3.82
host_bigwheel_04	opus	4.41	-19.93	0.84	-3.27	1.93	False	-17.96	-1.34
host_bigwheel_05	opus	4.97	-19.29	0.93	-3.90	1.29	False	-18.10	-2.50
host_bigwheel_06	opus	4.50	-18.88	0.98	-3.28	0.88	False	-18.17	-2.03
host_bigwheel_07	opus	2.55	-16.11	0.00	-3.43	-1.89	False	-17.98	-5.44
host_bigwheel_08	opus	3.30	-19.62	0.23	-3.77	1.62	False	-17.99	-2.20
host_chrome_01	opus	5.75	-20.68	1.74	-3.48	2.48	True	-18.10	-0.72
host_chrome_02	opus	4.50	-19.67	0.56	-3.29	1.67	False	-18.06	-1.85
host_chrome_03	opus	3.90	-22.49	0.90	-3.13	2.13	True	-20.25	-1.28
host_chrome_04	opus	5.11	-20.23	0.37	-3.02	2.02	True	-18.12	-0.87
host_chrome_05	opus	4.09	-21.13	0.81	-3.75	2.75	True	-18.32	-0.90
host_chrome_06	opus	3.76	-19.59	0.81	-3.38	1.59	False	-18.07	-1.59
host_chrome_07	opus	4.32	-21.03	1.27	-3.05	2.05	True	-18.95	-1.23
host_chrome_08	opus	3.67	-19.73	0.80	-3.99	1.73	False	-18.05	-2.18
host_cruisingold_01	opus	4.88	-16.26	1.28	-3.44	-1.74	False	-18.00	-5.05
host_cruisingold_02	opus	5.89	-17.40	0.63	-3.22	-0.60	False	-17.81	-3.53
host_cruisingold_03	opus	4.92	-18.35	1.13	-3.55	0.00	False	-18.35	-3.55
host_cruisingold_04	opus	5.34	-16.35	1.23	-3.77	-1.65	False	-17.99	-5.28
host_cruisingold_05	opus	4.04	-16.00	0.70	-4.10	-2.00	False	-18.05	-5.84
host_cruisingold_06	opus	5.53	-16.50	0.43	-4.04	-1.50	False	-17.93	-5.22
host_cruisingold_07	opus	3.62	-16.73	1.17	-4.07	-1.27	False	-17.87	-4.92
host_cruisingold_08	opus	2.93	-16.35	0.00	-3.84	-1.65	False	-18.01	-5.48
host_delta_01	opus	7.89	-16.31	2.75	-3.20	-1.69	False	-18.03	-4.99
host_delta_02	opus	4.96	-16.72	3.05	-3.47	-1.28	False	-17.90	-4.60
host_delta_03	opus	7.80	-16.09	3.84	-3.19	-1.91	False	-18.10	-5.21
host_delta_04	opus	6.32	-16.72	4.85	-3.32	-1.28	False	-17.85	-4.78
host_delta_05	opus	5.48	-17.23	1.81	-3.57	-0.77	False	-17.71	-4.21
host_delta_06	opus	8.13	-17.42	1.99	-3.12	-0.58	False	-17.82	-3.66
host_delta_07	opus	5.99	-16.38	2.77	-4.13	-1.62	False	-18.03	-5.92
host_delta_08	opus	5.34	-16.57	2.56	-3.47	-1.43	False	-17.98	-4.99
host_desertrock_01	opus	5.90	-18.92	0.84	-3.48	0.92	False	-18.16	-2.89
host_desertrock_02	opus	5.94	-19.10	1.44	-3.18	1.10	False	-18.09	-1.99
host_desertrock_03	opus	6.50	-20.32	1.93	-3.78	2.32	False	-17.87	-1.17
host_desertrock_04	opus	6.13	-19.85	2.07	-3.47	1.85	False	-17.94	-1.61
host_desertrock_05	opus	5.43	-19.92	1.49	-4.02	1.92	False	-17.91	-2.26
host_desertrock_06	opus	3.58	-20.52	1.45	-3.31	2.31	True	-18.05	-0.74
host_desertrock_07	opus	7.01	-20.75	1.77	-3.94	2.75	False	-17.90	-0.91
host_desertrock_08	opus	3.81	-18.04	0.77	-3.83	0.00	False	-18.04	-3.83
host_gloryroad_01	opus	5.25	-16.55	0.70	-3.90	-1.45	False	-17.90	-4.80
host_gloryroad_02	opus	4.55	-15.91	1.06	-3.24	-2.09	False	-17.95	-5.40
host_gloryroad_03	opus	4.92	-18.80	1.95	-3.85	0.80	False	-18.18	-3.13
host_gloryroad_04	opus	7.34	-16.51	2.66	-3.54	-1.49	False	-17.95	-5.05
host_gloryroad_05	opus	4.50	-17.65	0.54	-3.36	0.00	False	-17.65	-3.36
host_gloryroad_06	opus	4.74	-17.20	1.01	-3.11	-0.80	False	-17.70	-3.67
host_gloryroad_07	opus	4.88	-17.90	0.76	-3.65	0.00	False	-17.90	-3.65
host_gloryroad_08	opus	3.76	-18.54	1.14	-3.62	0.54	False	-18.17	-3.38
host_grind_01	opus	5.25	-15.89	0.36	-3.70	-2.11	False	-17.92	-5.13
host_grind_02	opus	3.62	-15.57	1.26	-4.75	-2.43	False	-18.09	-7.24
host_grind_03	opus	5.67	-16.53	0.83	-3.47	-1.47	False	-17.92	-4.97
host_grind_04	opus	5.56	-15.64	0.86	-3.41	-2.36	False	-18.10	-5.55
host_grind_05	opus	4.23	-16.76	0.99	-3.48	-1.24	False	-17.92	-4.41
host_grind_06	opus	2.60	-16.42	0.00	-3.52	-1.58	False	-17.99	-4.77
host_grind_07	opus	5.99	-15.88	1.14	-3.70	-2.12	False	-18.01	-5.77
host_grind_08	opus	3.48	-16.28	0.48	-3.52	-1.72	False	-17.99	-5.08
host_neondrive_01	opus	4.69	-16.24	1.10	-4.16	-1.76	False	-17.99	-5.50
host_neondrive_02	opus	4.88	-16.08	1.31	-3.86	-1.92	False	-17.93	-5.96
host_neondrive_03	opus	5.25	-17.19	0.92	-3.87	-0.81	False	-17.82	-4.48
host_neondrive_04	opus	5.94	-15.99	1.22	-3.42	-2.01	False	-18.03	-5.59
host_neondrive_05	opus	3.76	-18.93	0.77	-3.27	0.93	False	-18.10	-2.33
host_neondrive_06	opus	4.74	-17.00	0.73	-3.28	-1.00	False	-17.82	-4.24
host_neondrive_07	opus	4.50	-18.47	0.82	-3.46	0.00	False	-18.47	-3.46
host_neondrive_08	opus	4.41	-16.33	0.73	-5.52	-1.67	False	-17.97	-7.24
host_nightline_01	opus	6.22	-16.13	1.41	-5.19	-1.87	False	-18.01	-6.88
host_nightline_02	opus	5.99	-16.03	0.96	-3.76	-1.97	False	-18.00	-5.50
host_nightline_03	opus	5.43	-16.07	0.34	-5.19	-1.93	False	-18.05	-6.80
host_nightline_04	opus	5.15	-16.18	0.48	-3.87	-1.82	False	-17.96	-5.59
host_nightline_05	opus	6.13	-16.12	1.14	-5.22	-1.88	False	-18.00	-7.16
host_nightline_06	opus	5.90	-16.17	0.43	-4.95	-1.83	False	-18.00	-6.41
host_nightline_07	opus	4.64	-16.29	0.37	-4.29	-1.71	False	-17.99	-5.94
host_nightline_08	opus	7.43	-16.08	1.26	-3.72	-1.92	False	-18.03	-5.48
host_prairieline_01	opus	6.59	-17.74	0.59	-3.70	0.00	False	-17.74	-3.70
host_prairieline_02	opus	6.22	-18.77	1.37	-3.62	0.77	False	-18.16	-2.92
host_prairieline_03	opus	5.34	-17.92	1.76	-3.10	0.00	False	-17.92	-3.10
host_prairieline_04	opus	5.67	-16.33	1.65	-3.35	-1.67	False	-17.98	-5.11
host_prairieline_05	opus	3.58	-16.69	1.33	-2.97	-1.31	False	-17.85	-3.81
host_prairieline_06	opus	4.88	-17.03	1.40	-3.78	-0.97	False	-17.71	-4.33
host_prairieline_07	opus	5.20	-17.01	0.82	-3.66	-0.99	False	-17.85	-4.70
host_prairieline_08	opus	3.90	-18.47	1.59	-4.06	0.00	False	-18.47	-4.06
host_purotejano_01	opus	5.53	-17.41	0.78	-3.17	-0.59	False	-17.88	-3.38
host_purotejano_02	opus	4.69	-20.01	0.64	-3.93	2.01	False	-17.92	-1.99
host_purotejano_03	opus	4.97	-18.18	1.80	-3.80	0.00	False	-18.18	-3.80
host_purotejano_04	opus	7.57	-17.72	1.44	-3.94	0.00	False	-17.72	-3.94
host_purotejano_05	opus	6.04	-16.98	0.72	-3.69	-1.02	False	-17.82	-4.34
host_purotejano_06	opus	4.83	-16.44	0.59	-3.51	-1.56	False	-17.96	-4.78
host_purotejano_07	opus	4.92	-16.64	1.52	-3.41	-1.36	False	-17.96	-5.11
host_purotejano_08	opus	5.29	-18.14	0.82	-3.60	0.00	False	-18.14	-3.60
host_rawhide_01	opus	5.11	-16.37	0.83	-3.60	-1.63	False	-17.86	-5.16
host_rawhide_02	opus	4.41	-17.99	0.43	-3.86	0.00	False	-17.99	-3.86
host_rawhide_03	opus	4.69	-18.49	0.61	-4.10	0.00	False	-18.49	-4.10
host_rawhide_04	opus	5.20	-16.43	0.49	-2.82	-1.57	False	-17.99	-4.54
host_rawhide_05	opus	4.64	-17.83	0.85	-4.15	0.00	False	-17.83	-4.15
host_rawhide_06	opus	5.25	-16.55	1.01	-3.55	-1.45	False	-17.94	-5.01
host_rawhide_07	opus	5.34	-17.18	0.90	-3.76	-0.82	False	-17.82	-4.37
host_rawhide_08	opus	4.22	-16.66	0.41	-3.79	-1.34	False	-17.89	-5.54
host_ridge_01	opus	5.47	-19.45	1.12	-3.35	1.45	False	-18.02	-1.50
host_ridge_02	opus	5.39	-20.27	0.86	-3.77	2.27	False	-17.84	-1.76
host_ridge_03	opus	4.41	-17.23	1.06	-3.20	-0.77	False	-17.67	-3.97
host_ridge_04	opus	5.15	-21.31	2.40	-3.54	2.54	True	-18.64	-0.78
host_ridge_05	opus	4.09	-18.73	1.10	-3.70	0.73	False	-18.22	-3.18
host_ridge_06	opus	3.95	-19.67	1.32	-3.42	1.67	False	-18.02	-1.93
host_ridge_07	opus	3.95	-17.48	1.00	-3.31	-0.52	False	-17.85	-3.59
host_ridge_08	opus	2.65	-19.71	0.00	-3.35	1.71	False	-18.03	-1.84
host_roadhouse_01	opus	6.73	-16.67	0.89	-3.90	-1.33	False	-17.90	-5.22
host_roadhouse_02	opus	4.88	-16.83	0.50	-4.00	-1.17	False	-17.88	-5.04
host_roadhouse_03	opus	6.55	-18.88	2.32	-3.78	0.88	False	-18.17	-3.10
host_roadhouse_04	opus	6.41	-18.75	0.96	-3.38	0.75	False	-18.20	-2.97
host_roadhouse_05	opus	6.46	-17.49	0.65	-3.58	-0.51	False	-17.81	-3.86
host_roadhouse_06	opus	6.64	-17.35	2.54	-3.58	-0.65	False	-17.75	-3.77
host_roadhouse_07	opus	7.75	-17.13	1.04	-3.68	-0.87	False	-17.72	-4.24
host_roadhouse_08	opus	6.97	-15.96	1.34	-3.68	-2.04	False	-17.98	-5.49
host_sound_01	opus	4.55	-18.91	1.27	-3.88	0.91	False	-18.25	-3.06
host_sound_02	opus	4.64	-19.05	0.65	-3.75	1.05	False	-18.14	-2.97
host_sound_03	opus	3.90	-21.75	1.08	-3.64	2.64	True	-19.01	-0.85
host_sound_04	opus	5.71	-21.92	0.83	-4.08	3.08	True	-18.79	-1.02
host_sound_05	opus	4.18	-20.22	1.13	-3.84	2.22	False	-17.91	-1.99
host_sound_06	opus	4.41	-19.38	1.16	-3.56	1.38	False	-18.07	-2.70
host_sound_07	opus	4.64	-18.02	1.29	-3.40	0.00	False	-18.02	-3.40
host_sound_08	opus	3.11	-20.15	0.01	-3.43	2.15	False	-17.91	-1.11
host_southernsoul_01	opus	7.66	-15.16	2.21	-3.76	-2.84	False	-17.99	-6.67
host_southernsoul_02	opus	4.46	-15.69	0.75	-4.69	-2.31	False	-18.00	-6.72
host_southernsoul_03	opus	6.27	-18.74	1.64	-3.46	0.74	False	-18.11	-2.76
host_southernsoul_04	opus	9.15	-17.07	2.38	-3.85	-0.93	False	-17.74	-4.83
host_southernsoul_05	opus	5.76	-16.55	1.95	-4.11	-1.45	False	-17.91	-5.15
host_southernsoul_06	opus	7.89	-15.86	2.02	-3.83	-2.14	False	-18.04	-5.76
host_southernsoul_07	opus	4.41	-15.76	1.57	-3.61	-2.24	False	-18.12	-5.60
host_southernsoul_08	opus	4.78	-15.75	1.10	-3.55	-2.25	False	-18.01	-5.88
id_afterhours_01	opus	10.03	-15.38	17.15	-3.25	-2.62	False	-18.17	-5.81
id_afterhours_02	opus	12.07	-16.51	6.95	-4.78	-1.49	False	-17.98	-6.26
id_afterhours_03	opus	5.23	-19.16	2.34	-4.32	1.16	False	-18.15	-3.55
id_bayou_01	opus	10.06	-14.67	7.09	-3.60	-3.33	False	-17.94	-6.77
id_bayou_02	opus	12.02	-15.08	4.87	-3.48	-2.92	False	-18.05	-6.36
id_bayou_03	opus	3.10	-19.12	0.00	-4.17	1.12	False	-18.16	-3.30
id_bigsky_01	opus	10.03	-13.95	11.80	-3.61	-4.05	False	-17.83	-7.08
id_bigsky_02	opus	12.02	-11.99	15.56	-2.92	-6.01	False	-18.10	-9.04
id_bigsky_03	opus	5.88	-18.30	1.34	-3.87	0.00	False	-18.30	-3.87
id_bigwheel_01	opus	10.03	-14.22	9.89	-4.50	-3.78	False	-17.87	-8.36
id_bigwheel_02	opus	12.02	-15.31	14.77	-3.65	-2.69	False	-18.11	-6.55
id_bigwheel_03	opus	4.17	-21.82	1.38	-5.32	3.82	False	-18.12	-1.75
id_chrome_01	opus	10.03	-14.96	16.69	-3.25	-3.04	False	-18.03	-6.52
id_chrome_02	opus	12.02	-15.44	5.33	-4.92	-2.56	False	-18.11	-7.80
id_chrome_03	opus	4.82	-19.35	1.26	-4.55	1.35	False	-18.16	-3.60
id_cruisingold_01	opus	10.03	-13.71	11.85	-3.29	-4.29	False	-18.01	-7.52
id_cruisingold_02	opus	12.07	-13.81	12.93	-3.75	-4.19	False	-17.92	-8.04
id_cruisingold_03	opus	3.89	-16.52	1.34	-4.36	-1.48	False	-17.93	-5.55
id_delta_01	opus	10.03	-16.34	10.71	-3.24	-1.66	False	-17.87	-4.47
id_delta_02	opus	12.02	-15.69	13.01	-3.05	-2.31	False	-18.11	-5.75
id_delta_03	opus	5.65	-20.58	3.01	-3.78	2.58	False	-17.82	-1.21
id_desertrock_01	opus	10.03	-15.81	1.69	-4.40	-2.19	False	-18.13	-6.77
id_desertrock_02	opus	12.02	-16.46	1.15	-5.59	-1.54	False	-17.91	-6.98
id_desertrock_03	opus	4.17	-19.47	0.41	-4.45	1.47	False	-18.02	-3.41
id_desertrock_04	opus	8.40	-16.78	3.44	-7.40	-1.22	False	-17.91	-8.14
id_desertrock_05	opus	8.36	-17.29	5.44	-7.28	-0.71	False	-17.93	-7.59
id_gloryroad_01	opus	10.06	-14.47	3.92	-4.43	-3.53	False	-17.88	-7.71
id_gloryroad_02	opus	12.02	-14.95	6.97	-4.12	-3.05	False	-18.03	-7.19
id_gloryroad_03	opus	5.70	-18.93	1.38	-3.93	0.93	False	-18.25	-3.12
id_grind_01	opus	10.06	-15.54	3.58	-3.88	-2.46	False	-18.15	-6.47
id_grind_02	opus	12.02	-15.75	6.21	-4.09	-2.25	False	-18.14	-6.72
id_grind_03	opus	3.42	-17.41	0.48	-4.48	-0.59	False	-17.69	-4.75
id_neondrive_01	opus	10.03	-16.11	15.93	-2.86	-1.89	False	-17.83	-4.85
id_neondrive_02	opus	12.02	-16.23	17.64	-3.49	-1.77	False	-17.93	-5.26
id_neondrive_03	opus	3.38	-17.71	0.53	-4.17	0.00	False	-17.71	-4.17
id_neondrive_04	opus	9.20	-16.70	2.29	-6.41	-1.30	False	-17.99	-8.22
id_neondrive_05	opus	8.40	-16.80	2.64	-4.87	-1.20	False	-17.99	-5.85
id_neondrive_06	opus	8.40	-16.61	4.24	-4.96	-1.39	False	-17.95	-5.60
id_neondrive_07	opus	8.76	-16.78	2.81	-4.41	-1.22	False	-17.98	-5.27
id_nightline_01	opus	10.03	-17.02	4.75	-5.26	-0.98	False	-17.73	-5.91
id_nightline_02	opus	12.02	-15.68	10.24	-3.04	-2.32	False	-18.11	-5.68
id_nightline_03	opus	5.23	-17.44	1.02	-4.33	-0.56	False	-17.79	-4.50
id_prairieline_01	opus	10.03	-13.75	11.93	-3.29	-4.25	False	-17.90	-7.54
id_prairieline_02	opus	12.02	-14.68	10.53	-4.51	-3.32	False	-17.92	-7.91
id_prairieline_03	opus	3.56	-18.11	0.70	-3.95	0.00	False	-18.11	-3.95
id_purotejano_01	opus	10.06	-15.34	2.81	-3.81	-2.66	False	-18.10	-6.11
id_purotejano_02	opus	12.07	-15.35	10.04	-4.42	-2.65	False	-18.15	-6.90
id_purotejano_03	opus	3.84	-18.82	1.28	-4.33	0.82	False	-18.22	-3.38
id_rawhide_01	opus	10.03	-15.03	17.75	-3.25	-2.97	False	-18.05	-6.63
id_rawhide_02	opus	12.07	-15.21	6.46	-3.83	-2.79	False	-18.09	-6.88
id_rawhide_03	opus	4.12	-16.39	0.41	-4.16	-1.61	False	-17.90	-5.83
id_ridge_01	opus	10.03	-15.74	16.49	-3.82	-2.26	False	-18.13	-6.15
id_ridge_02	opus	13.04	-15.12	6.66	-4.07	-2.88	False	-18.10	-7.04
id_ridge_03	opus	3.79	-17.97	1.09	-5.12	0.00	False	-17.97	-5.12
id_roadhouse_01	opus	10.03	-14.62	6.07	-4.86	-3.38	False	-17.96	-7.92
id_roadhouse_02	opus	12.07	-15.33	4.41	-4.23	-2.67	False	-18.18	-6.97
id_roadhouse_03	opus	4.40	-20.65	0.76	-4.72	2.65	False	-17.84	-2.34
id_roadhouse_04	opus	8.76	-15.07	1.59	-2.44	-2.93	False	-18.04	-5.37
id_roadhouse_05	opus	8.64	-16.18	1.38	-4.55	-1.82	False	-17.94	-6.04
id_roadhouse_06	opus	8.20	-15.69	3.07	-3.96	-2.31	False	-18.05	-6.12
id_roadhouse_07	opus	8.76	-15.57	2.00	-3.54	-2.43	False	-18.10	-6.51
id_sound_01	opus	10.03	-15.54	14.29	-3.02	-2.46	False	-18.18	-5.99
id_sound_02	opus	12.07	-17.24	16.66	-3.52	-0.76	False	-17.62	-3.76
id_sound_03	opus	2.87	-18.43	0.00	-4.91	0.00	False	-18.43	-4.91
id_southernsoul_01	opus	10.03	-15.68	5.55	-4.74	-2.32	False	-18.16	-7.29
id_southernsoul_02	opus	12.07	-15.15	4.17	-4.61	-2.85	False	-18.06	-7.70
id_southernsoul_03	opus	4.82	-22.10	1.24	-4.59	3.59	True	-18.58	-1.03
menu_coast_to_coast	opus	104.68	-12.95	7.15	-1.59	-5.05	False	-17.93	-6.50
menu_d_major_medley	opus	238.80	-15.27	1.86	-3.54	-2.73	False	-18.06	-6.27
menu_first_rig	opus	143.24	-26.00	2.82	-13.89	8.00	False	-18.04	-5.54
menu_fleet_owner	opus	94.60	-14.62	1.97	-3.02	-3.38	False	-17.87	-6.27
menu_legendary_haul	opus	117.48	-14.07	2.21	-3.00	-3.93	False	-18.01	-6.63
menu_progress	opus	212.24	-14.07	4.54	1.40	-3.93	False	-18.00	-1.23
menu_regional_carrier	opus	133.68	-13.90	2.42	-3.70	-4.10	False	-18.02	-7.38
menu_theme	opus	128.40	-25.98	3.32	-13.26	7.98	False	-18.03	-4.85
menu_theme_night	opus	169.92	-25.90	5.36	-14.13	7.90	False	-17.99	-6.12
menu_urban_roll	opus	114.44	-14.10	3.45	-3.64	-3.90	False	-17.97	-7.48
night_call_me	opus	187.00	-14.95	5.40	1.06	-3.05	False	-18.05	-2.34
night_haul	opus	204.76	-25.95	3.61	-12.62	7.95	False	-18.03	-4.73
night_her_real_words	opus	242.44	-13.66	4.73	2.00	-4.34	False	-17.96	-2.79
night_high_beam_hush	opus	172.32	-14.31	5.03	-0.57	-3.69	False	-17.98	-3.95
night_lonely_plains	opus	239.88	-15.16	5.15	-3.90	-2.84	False	-18.05	-6.83
night_maroon_scarf	opus	222.28	-14.93	4.91	0.54	-3.07	False	-18.01	-2.50
night_midnight_interstate	opus	208.36	-14.64	5.50	-2.39	-3.36	False	-17.95	-5.62
night_mountain_pass	opus	158.40	-13.83	4.81	-2.46	-4.17	False	-18.04	-5.89
night_neon_truck_stop	opus	153.52	-14.35	4.72	-2.76	-3.65	False	-17.96	-5.41
night_on_my_mind	opus	211.88	-15.47	6.39	0.49	-2.53	False	-18.14	-1.79
night_quiet_mile	opus	194.64	-14.91	4.27	0.10	-3.09	False	-17.99	-2.83
night_rainy_miles	opus	222.36	-14.86	5.02	-3.66	-3.14	False	-17.98	-6.48
night_slightly_darker	opus	174.92	-15.10	6.66	0.76	-2.90	False	-18.08	-2.18
night_small_hours	opus	159.60	-25.96	7.16	-13.64	7.96	False	-17.99	-5.74
night_soft_shoulder	opus	188.00	-14.35	7.12	0.34	-3.65	False	-17.95	-3.26
night_starlight_grade	opus	227.36	-16.19	10.31	-1.51	-1.81	False	-17.95	-3.53
night_stars_said_love	opus	163.76	-13.33	10.52	1.06	-4.67	False	-17.97	-3.28
night_train_knew	opus	273.88	-15.91	5.43	0.95	-2.09	False	-17.98	-1.11
night_under_starlight	opus	165.64	-13.41	7.05	-0.07	-4.59	False	-17.97	-4.36
open_road	opus	131.60	-25.92	4.23	-14.34	7.92	False	-18.05	-6.34
radio_blues_back_porch_darling	opus	203.60	-13.88	6.31	-1.64	-4.12	False	-17.97	-5.57
radio_blues_boxcar_stroll	opus	183.08	-13.43	2.59	0.53	-4.57	False	-17.98	-4.07
radio_blues_catfish_county	opus	185.60	-14.85	5.65	-2.47	-3.15	False	-17.97	-5.49
radio_blues_crossroad_coffee	opus	150.05	-13.22	5.73	-0.62	-4.78	False	-17.98	-5.15
radio_blues_delta_mile	opus	150.05	-11.78	10.10	0.12	-6.22	False	-18.03	-5.65
radio_blues_eleven_bridges	opus	218.12	-14.02	6.70	-0.90	-3.98	False	-17.93	-4.81
radio_blues_fish_fry_friday	opus	161.56	-15.62	4.98	-1.89	-2.38	False	-18.10	-4.22
radio_blues_freight_yard_moon	opus	229.88	-11.22	5.97	2.08	-6.78	False	-17.96	-4.22
radio_blues_grits_and_gasoline	opus	114.96	-12.82	4.98	-0.52	-5.18	False	-18.01	-5.09
radio_blues_leaky_roof	opus	223.60	-14.80	5.91	-0.81	-3.20	False	-17.97	-4.16
radio_blues_levee_moon	opus	166.64	-14.20	4.47	-3.30	-3.80	False	-17.91	-6.90
radio_blues_low_water_crossing	opus	177.52	-13.44	5.69	-1.15	-4.56	False	-17.97	-5.57
radio_blues_magnolia_porch	opus	165.76	-13.43	3.90	0.42	-4.57	False	-17.97	-3.38
radio_blues_midnight_siding	opus	213.76	-14.44	6.66	1.57	-3.56	False	-17.93	-1.91
radio_blues_neon_bourbon	opus	197.08	-13.63	2.95	-1.39	-4.37	False	-17.94	-5.61
radio_blues_night_shift_queen	opus	191.92	-13.50	6.95	-1.35	-4.50	False	-17.95	-5.67
radio_blues_paycheck_friday	opus	136.60	-13.42	3.08	0.58	-4.58	False	-17.95	-4.19
radio_blues_raincheck	opus	222.36	-14.68	5.38	0.90	-3.32	False	-17.93	-2.32
radio_blues_red_lights_and_regrets	opus	229.52	-14.48	4.77	-1.02	-3.52	False	-17.93	-4.06
radio_blues_slow_train_shuffle	opus	216.16	-13.97	5.46	1.25	-4.03	False	-18.02	-2.46
radio_country_alabama_called	opus	270.88	-14.85	4.01	0.77	-3.15	False	-18.00	-2.15
radio_country_appalachian_sunrise	opus	99.96	-13.02	1.62	0.89	-4.98	False	-17.93	-4.06
radio_country_arkansas_load	opus	194.96	-14.76	2.66	0.76	-3.24	False	-17.95	-2.57
radio_country_backroads	opus	150.05	-11.52	7.66	0.59	-6.48	False	-17.92	-5.86
radio_country_blue_ridge_morning	opus	143.96	-13.96	1.51	1.19	-4.04	False	-17.95	-3.01
radio_country_carolina_groovin	opus	288.24	-15.55	9.32	1.22	-2.45	False	-18.10	-0.60
radio_country_cold_coffee_courage	opus	169.96	-13.68	5.02	-0.59	-4.32	False	-17.96	-4.81
radio_country_county_fair	opus	164.32	-13.57	3.22	-2.18	-4.43	False	-17.94	-6.36
radio_country_county_fair_lights	opus	175.72	-13.10	3.62	-0.26	-4.90	False	-17.98	-4.62
radio_country_dangerous_dan	opus	307.16	-14.18	3.17	-3.43	-3.82	False	-17.91	-6.86
radio_country_dial_up_summer	opus	189.96	-14.42	4.72	-3.01	-3.58	False	-17.92	-6.09
radio_country_diesel_heart	opus	150.00	-9.92	1.71	1.13	-8.08	False	-17.98	-7.18
radio_country_dobro_dusk	opus	217.16	-14.05	3.20	-0.53	-3.95	False	-17.99	-3.99
radio_country_dust_and_daylight	opus	142.40	-13.09	5.36	-0.03	-4.91	False	-17.95	-4.32
radio_country_dust_on_the_highway	opus	219.56	-13.76	2.98	-2.72	-4.24	False	-17.96	-6.83
radio_country_fort_worth_thursday	opus	221.92	-13.50	6.39	1.07	-4.50	False	-17.95	-3.17
radio_country_four_sources_and_the_truth	opus	368.68	-13.92	2.92	0.37	-4.08	False	-17.97	-3.27
radio_country_grandpas_radio	opus	163.04	-14.23	6.56	-0.63	-3.77	False	-17.90	-4.02
radio_country_harvest_moon_over_the_barn	opus	206.36	-13.91	4.43	-0.71	-4.09	False	-17.98	-4.42
radio_country_high_line_home	opus	194.40	-13.43	6.49	-0.17	-4.57	False	-17.97	-5.11
radio_country_kentucky_rain	opus	181.00	-15.04	5.67	1.27	-2.96	False	-18.05	-1.88
radio_country_last_bale_of_summer	opus	212.04	-17.47	6.00	-1.57	-0.53	False	-17.89	-2.14
radio_country_mile_marker_moon	opus	188.00	-13.79	3.73	0.13	-4.21	False	-17.98	-4.11
radio_country_over_yonder	opus	165.80	-15.43	3.61	0.10	-2.57	False	-18.15	-2.40
radio_country_paper_town	opus	149.40	-13.47	5.21	-0.20	-4.53	False	-17.97	-4.41
radio_country_porch_light	opus	171.88	-13.79	2.81	-1.63	-4.21	False	-17.95	-5.26
radio_country_porch_swing_promise	opus	271.20	-13.92	5.58	-1.37	-4.08	False	-17.97	-5.70
radio_country_red_dirt_ring	opus	165.88	-14.36	3.94	-1.87	-3.64	False	-17.91	-5.46
radio_country_split_rail	opus	183.52	-13.52	5.64	-0.86	-4.48	False	-17.97	-5.21
radio_country_steel_string_sunday	opus	131.76	-14.70	5.72	-0.74	-3.30	False	-17.92	-3.91
radio_country_tailgate_summer	opus	119.44	-13.16	2.76	-1.68	-4.84	False	-17.96	-6.08
radio_country_texas_wants_you	opus	248.24	-15.28	3.99	-0.44	-2.72	False	-18.10	-2.94
radio_country_texian_style	opus	184.40	-12.43	3.04	1.04	-5.57	False	-18.16	-3.97
radio_country_texico_fill_up	opus	176.32	-13.51	2.71	0.99	-4.49	False	-17.93	-3.04
radio_country_tuesday_texas	opus	247.96	-13.54	6.04	0.92	-4.46	False	-17.95	-3.45
radio_country_two_lane	opus	150.00	-12.74	4.96	-0.22	-5.26	False	-18.02	-4.88
radio_country_wildflower_mile	opus	138.68	-13.39	5.81	-0.00	-4.61	False	-17.97	-4.28
radio_gospel_carry_me_home	opus	234.03	-14.47	8.52	-0.13	-3.53	False	-17.90	-3.59
radio_gospel_hallelujah_highway	opus	176.04	-11.55	6.88	0.76	-6.45	False	-17.94	-5.77
radio_gospel_hands_on_the_wheel	opus	188.03	-12.12	4.96	0.00	-5.88	False	-18.05	-5.89
radio_gospel_morning_will_come	opus	198.06	-12.35	14.05	0.13	-5.65	False	-18.08	-5.36
radio_gospel_old_church_bell	opus	192.03	-14.98	9.90	-0.66	-3.02	False	-18.03	-3.63
radio_gospel_set_my_burden_down	opus	226.06	-12.99	13.47	0.83	-5.01	False	-17.97	-4.25
radio_gospel_sunday_sunrise	opus	204.04	-13.64	11.07	-0.14	-4.36	False	-18.01	-4.05
radio_gospel_wide_is_the_river	opus	214.02	-10.89	6.69	0.67	-7.11	False	-17.82	-6.27
radio_jazz_blue_neon_glow	opus	227.60	-16.25	5.38	-2.03	-1.75	False	-17.96	-3.24
radio_jazz_brushed_steel	opus	189.56	-15.92	1.96	-3.09	-2.08	False	-17.96	-4.77
radio_jazz_caring_touch	opus	173.76	-13.71	5.08	0.78	-4.29	False	-17.98	-2.97
radio_jazz_cumberland_moonrise	opus	234.08	-16.33	4.46	-2.60	-1.67	False	-17.96	-3.79
radio_jazz_eighties_sound	opus	219.96	-15.58	5.54	0.51	-2.42	False	-18.09	-2.12
radio_jazz_lower_broad_lullaby	opus	212.00	-16.74	3.98	-3.12	-1.26	False	-18.05	-4.24
radio_jazz_midnight_mezzanine	opus	216.36	-16.13	5.67	-2.87	-1.87	False	-17.94	-4.56
radio_jazz_nashville_cats	opus	231.48	-13.94	4.76	1.63	-4.06	False	-17.99	-2.45
radio_jazz_nashville_jazzicals	opus	279.96	-13.64	7.07	0.97	-4.36	False	-17.94	-3.04
radio_jazz_nashville_tonight	opus	195.76	-13.78	3.47	1.35	-4.22	False	-17.98	-2.51
radio_jazz_neon_and_nylon	opus	206.76	-15.53	2.52	-3.02	-2.47	False	-18.04	-4.86
radio_jazz_nineties_sound	opus	194.52	-15.53	6.33	0.88	-2.47	False	-18.12	-1.52
radio_jazz_penny_thoughts	opus	194.96	-14.13	7.32	1.11	-3.87	False	-17.90	-2.44
radio_jazz_printers_alley_last_call	opus	220.00	-17.21	5.79	-1.71	-0.79	False	-18.00	-2.39
radio_jazz_velvet_downbeat	opus	198.44	-15.86	2.77	-2.49	-2.14	False	-17.97	-4.43
radio_night_dashboard_glow	opus	203.96	-13.68	7.96	-0.28	-4.32	False	-18.00	-4.35
radio_night_idle_hearts	opus	218.04	-13.17	7.87	-0.28	-4.83	False	-17.95	-5.04
radio_night_last_diner	opus	158.68	-12.82	9.70	0.08	-5.18	False	-18.02	-4.95
radio_night_low_beams	opus	180.04	-15.43	5.25	-1.08	-2.57	False	-18.06	-3.84
radio_night_paper_cup_moon	opus	196.05	-17.40	9.11	-1.30	-0.60	False	-17.92	-1.62
radio_night_third_shift_waltz	opus	109.24	-13.55	5.80	-0.05	-4.45	False	-17.97	-4.78
radio_oldies_chrome_fins	opus	157.05	-10.43	1.90	0.86	-7.57	False	-17.83	-6.76
radio_oldies_drive_in_picture_show	opus	153.00	-11.90	4.42	0.16	-6.10	False	-18.10	-5.83
radio_oldies_hop_in_the_hardtop	opus	160.03	-10.50	2.51	0.39	-7.50	False	-17.84	-6.56
radio_oldies_jukebox_in_the_corner	opus	168.05	-12.06	8.39	0.41	-5.94	False	-18.08	-5.56
radio_oldies_milkshake_moon	opus	186.02	-11.58	6.36	-0.18	-6.42	False	-17.97	-6.49
radio_oldies_sock_hop_saturday	opus	155.09	-11.46	2.89	0.75	-6.54	False	-17.93	-5.64
radio_oldies_soda_shop_sweetheart	opus	172.09	-10.73	3.20	0.45	-7.27	False	-17.93	-6.82
radio_oldies_transistor_summer	opus	169.95	-11.73	5.21	0.41	-6.27	False	-18.02	-5.64
radio_rock_bar_band_saturday	opus	177.56	-14.16	6.51	-0.21	-3.84	False	-17.90	-4.08
radio_rock_chrome_horizon	opus	150.00	-10.28	3.24	0.37	-7.72	False	-17.94	-6.73
radio_rock_ember_sky	opus	138.04	-13.15	5.94	-0.77	-4.85	False	-17.94	-5.47
radio_rock_furnace_wind	opus	213.16	-13.45	8.19	-0.35	-4.55	False	-17.97	-4.61
radio_rock_glass_highway	opus	178.08	-11.56	4.03	-0.05	-6.44	False	-17.91	-6.39
radio_rock_greywater_quay	opus	213.08	-14.48	3.83	-2.54	-3.52	False	-17.87	-5.59
radio_rock_hairpin	opus	68.96	-14.41	3.40	0.27	-3.59	False	-17.87	-3.40
radio_rock_inland_sea	opus	141.68	-12.37	2.51	-0.70	-5.63	False	-18.13	-6.33
radio_rock_last_ferry_home	opus	184.36	-13.52	5.07	-0.89	-4.48	False	-17.96	-4.99
radio_rock_last_payphone_in_town	opus	173.60	-13.29	5.82	-0.86	-4.71	False	-17.97	-5.53
radio_rock_lights_over_superior	opus	225.80	-13.86	5.80	-1.54	-4.14	False	-17.99	-5.44
radio_rock_magnetic_west	opus	190.76	-13.29	6.03	-1.95	-4.71	False	-17.98	-6.29
radio_rock_mercury_miles	opus	142.36	-12.96	4.18	0.03	-5.04	False	-17.97	-4.91
radio_rock_midnight_arcade	opus	168.00	-13.39	2.32	-2.14	-4.61	False	-17.97	-6.58
radio_rock_neon_avenue	opus	157.16	-12.69	3.16	-0.09	-5.31	False	-18.05	-5.42
radio_rock_night_shift	opus	150.00	-11.92	3.55	-0.35	-6.08	False	-18.04	-6.46
radio_rock_open_throttle	opus	150.05	-10.52	2.15	0.42	-7.48	False	-17.84	-7.02
radio_rock_paper_crown	opus	202.36	-12.94	6.51	-0.17	-5.06	False	-18.00	-4.64
radio_rock_river_rising	opus	292.36	-13.95	6.54	-2.59	-4.05	False	-17.93	-6.30
radio_rock_silver_falcon	opus	134.92	-13.74	4.45	-2.34	-4.26	False	-17.93	-6.44
radio_rock_static_and_stars	opus	197.28	-11.94	8.03	0.70	-6.06	False	-18.06	-5.12
radio_rock_switchback	opus	124.68	-13.30	4.40	0.67	-4.70	False	-17.96	-4.19
radio_rock_thunder_county	opus	174.92	-13.34	4.71	-1.09	-4.66	False	-17.97	-5.67
radio_rock_vulture_pass	opus	209.52	-14.21	7.81	-2.56	-3.79	False	-17.88	-5.64
radio_rock_wildfire_line	opus	224.36	-11.99	3.04	-0.90	-6.01	False	-18.09	-6.85
radio_synthwave_afterglow_avenue	opus	224.03	-11.48	7.25	-0.25	-6.52	False	-17.96	-6.68
radio_synthwave_analog_heart	opus	192.03	-11.95	3.73	0.09	-6.05	False	-18.04	-5.62
radio_synthwave_desert_satellites	opus	240.04	-14.61	5.10	-1.54	-3.39	False	-17.91	-4.67
radio_synthwave_midnight_grid	opus	208.04	-14.18	6.27	0.31	-3.82	False	-17.95	-3.22
radio_synthwave_neon_mirage	opus	230.03	-11.68	7.33	0.44	-6.32	False	-17.96	-4.98
radio_synthwave_sodium_lights	opus	222.04	-12.01	4.65	0.40	-5.99	False	-18.04	-5.63
radio_synthwave_starlight_odometer	opus	196.05	-13.17	7.53	-0.20	-4.83	False	-17.95	-5.06
radio_synthwave_taillight_river	opus	218.04	-12.35	7.30	0.08	-5.65	False	-18.05	-5.71
radio_tejano_acordeon_del_alma	opus	170.03	-12.85	1.79	-0.02	-5.15	False	-17.97	-5.01
radio_tejano_baila_conmigo	opus	174.03	-11.10	4.00	1.18	-6.90	False	-17.90	-5.46
radio_tejano_camino_de_flores	opus	181.94	-11.79	1.87	1.30	-6.21	False	-18.05	-5.12
radio_tejano_corazon_de_cromo	opus	179.04	-11.97	7.12	0.60	-6.03	False	-18.04	-5.34
radio_tejano_cumbia_del_mercado	opus	168.05	-12.37	7.46	1.46	-5.63	False	-18.09	-4.59
radio_tejano_luna_de_laredo	opus	216.03	-10.99	7.28	-0.17	-7.01	False	-17.93	-6.90
radio_tejano_mi_troquita	opus	165.04	-11.45	2.31	1.02	-6.55	False	-17.92	-5.54
radio_tejano_polvo_del_camino	opus	190.04	-11.18	3.02	0.57	-6.82	False	-17.93	-6.11
