file	bus	seconds	max_momentary_LUFS	integrated_LUFS	true_peak_dBTP	after_max_momentary_LUFS	after_integrated_LUFS	after_true_peak_dBTP
ambient/night.ogg	sfx	13.01	-28.7	-32.5	-19.1	-28.7	-32.5	-19.1
ambient/truck_stop.ogg	sfx	12.00	-23.4	-28.9	-15.1	-23.4	-28.9	-15.1
ambient/warehouse.ogg	sfx	12.00	-15.8	-29.4	0.3	-15.8	-29.4	0.3
driver/yawn.ogg	sfx	3.84	-22.9	-27.2	-11.8	-22.9	-27.2	-11.8
engine/high.wav	engine	0.98	-19.0	-19.2	-10.1	-19.0	-19.2	-10.1
engine/idle.wav	engine	5.95	-18.0	-18.9	-7.0	-18.0	-18.9	-7.0
engine/jake_1200.wav	engine	0.70	-13.1	-13.1	-4.1	-13.1	-13.1	-4.1
engine/jake_1400.wav	engine	0.62	-13.9	-14.0	-4.5	-13.9	-14.0	-4.5
engine/jake_1600.wav	engine	0.60	-13.4	-13.4	-5.3	-13.4	-13.4	-5.3
engine/jake_1600_synth.wav	engine	0.53	-12.6	-12.7	-4.2	-12.6	-12.7	-4.2
engine/jake_1800.wav	engine	0.46	-11.8	-11.8	-4.4	-11.8	-11.8	-4.4
engine/jake_2000.wav	engine	0.39	-11.7	nan	-4.3	-11.7	nan	-4.3
engine/jake_2200.wav	engine	0.36	-14.1	nan	-4.7	-14.1	nan	-4.7
engine/low.wav	engine	2.01	-18.7	-18.9	-9.4	-18.7	-18.9	-9.4
engine/mid.wav	engine	1.65	-18.9	-18.9	-10.0	-18.9	-18.9	-10.0
engine/midhigh.wav	engine	1.33	-19.0	-19.1	-10.0	-19.0	-19.1	-10.0
engine/rev_launch.ogg	engine	9.00	-17.0	-18.9	-6.9	-17.0	-18.9	-6.9
engine/rev_load.ogg	engine	16.00	-17.0	-19.4	-9.2	-17.0	-19.4	-9.2
engine/shutdown.ogg	engine	2.89	-22.1	-27.2	-2.9	-22.1	-27.2	-2.9
engine/start.ogg	engine	4.00	-17.1	-20.2	-4.5	-17.1	-20.2	-4.5
engine_classic/idle.ogg	engine	2.60	-22.1	-22.4	-10.0	-22.1	-22.4	-10.0
events/cb_radio_chatter.ogg	sfx	0.14	-22.3	nan	-9.9	-22.3	nan	-9.9
events/construction_zone.ogg	sfx	1.00	-12.2	-16.2	-0.4	-12.2	-16.2	-0.4
events/hazard_clear.ogg	sfx	1.00	-16.9	-20.5	-4.5	-16.9	-20.5	-4.5
events/hazard_warning.ogg	sfx	0.80	-7.6	-9.7	1.5	-7.6	-9.7	1.5
events/inspection_warning.ogg	sfx	1.28	-14.9	-18.5	-7.3	-14.9	-18.5	-7.3
events/police_siren.ogg	siren	4.00	-12.9	-14.1	-4.8	-12.9	-14.1	-4.8
events/ramp_light_green.ogg	sfx	0.88	-14.7	-18.2	-1.2	-14.7	-18.2	-1.2
events/ramp_light_red.ogg	sfx	1.00	-7.8	-9.5	0.6	-7.8	-9.5	0.6
events/scale_green.ogg	sfx	0.28	-9.8	nan	-3.4	-9.8	nan	-3.4
events/scale_red.ogg	sfx	0.28	-9.8	nan	-3.9	-9.8	nan	-3.9
events/spike_strip.ogg	sfx	3.00	-4.4	-6.2	1.2	-4.4	-6.2	1.2
events/state_crossing.ogg	sfx	1.00	-13.5	-16.1	-3.2	-13.5	-16.1	-3.2
events/toll_charged.ogg	sfx	1.20	-8.0	-13.5	-0.7	-8.0	-13.5	-0.7
events/traffic_slowing.ogg	sfx	1.00	-28.6	-33.1	-16.8	-14.5	-19.0	-2.8
events/turn_ahead.ogg	sfx	0.68	-9.6	-13.2	-1.5	-9.6	-13.2	-1.5
events/turn_left.ogg	sfx	0.68	-5.8	-9.1	0.1	-5.8	-9.1	0.1
events/turn_right.ogg	sfx	0.68	-7.3	-11.2	-0.2	-7.3	-11.2	-0.2
events/weigh_station_warning.ogg	sfx	0.89	-10.3	-13.4	-3.9	-10.3	-13.4	-3.9
facility/dock_gate.ogg	sfx	0.95	-13.5	-16.0	-3.6	-13.5	-16.0	-3.6
poi/dock_and_deliver.ogg	sfx	3.48	-15.4	-17.4	0.2	-15.4	-17.4	0.2
poi/facility_gate.ogg	sfx	30.00	-22.3	-29.8	-8.3	-22.3	-29.8	-8.3
poi/rest_stop_night.ogg	sfx	12.00	-38.6	-39.4	-25.0	-32.5	-33.4	-18.8
poi/weigh_station_lane.ogg	sfx	10.00	-32.6	-33.5	-20.2	-32.6	-33.5	-20.2
radio/fm_hiss_loop.ogg	sfx	4.00	-14.1	-14.2	-6.5	-14.1	-14.2	-6.5
radio/imaging/radio_imaging_impact.ogg	sfx	0.60	-7.6	-9.5	1.3	-7.6	-9.5	1.3
radio/imaging/radio_imaging_riser.ogg	sfx	1.20	-7.6	-8.7	2.3	-7.6	-8.7	2.3
radio/imaging/radio_imaging_shimmer.ogg	sfx	2.48	-21.0	-23.3	-14.0	-21.0	-23.3	-14.0
radio/imaging/radio_imaging_stinger.ogg	sfx	1.48	-5.0	-7.0	1.4	-5.0	-7.0	1.4
radio/imaging/radio_imaging_whoosh_long.ogg	sfx	2.00	-5.4	-7.8	0.1	-5.4	-7.8	0.1
radio/imaging/radio_imaging_whoosh_short.ogg	sfx	0.62	-10.4	-11.4	-1.6	-10.4	-11.4	-1.6
radio/picket_01.ogg	sfx	0.05	-20.2	nan	-4.9	-20.2	nan	-4.9
radio/picket_02.ogg	sfx	0.07	-18.4	nan	-4.5	-18.4	nan	-4.5
radio/picket_03.ogg	sfx	0.09	-16.0	nan	-3.6	-16.0	nan	-3.6
radio/picket_04.ogg	sfx	0.11	-16.3	nan	-3.1	-16.3	nan	-3.1
radio/picket_05.ogg	sfx	0.13	-14.9	nan	-4.7	-14.9	nan	-4.7
radio/picket_06.ogg	sfx	0.16	-15.5	nan	-5.5	-15.5	nan	-5.5
radio/static_burst.ogg	sfx	2.40	-11.4	-12.7	-4.8	-11.4	-12.7	-4.8
traffic/box_truck_cross.ogg	sfx	2.48	-14.6	-18.4	-0.3	-14.6	-18.4	-0.3
traffic/box_truck_pass.ogg	sfx	2.20	-9.9	-15.2	0.2	-9.9	-15.2	0.2
traffic/bus_cross.ogg	sfx	3.00	-7.5	-10.2	0.3	-7.5	-10.2	0.3
traffic/bus_pass.ogg	sfx	2.76	-6.9	-10.2	0.3	-6.9	-10.2	0.3
traffic/car_cross.ogg	sfx	2.20	-8.9	-11.5	0.3	-8.9	-11.5	0.3
traffic/car_pass.ogg	sfx	1.76	-12.8	-15.6	0.2	-12.8	-15.6	0.2
traffic/motorcycle_cross.ogg	sfx	1.60	-10.3	-12.5	-0.9	-10.3	-12.5	-0.9
traffic/motorcycle_pass.ogg	sfx	1.76	-5.2	-8.1	0.8	-5.2	-8.1	0.8
traffic/pickup_cross.ogg	sfx	2.20	-8.7	-11.6	0.1	-8.7	-11.6	0.1
traffic/pickup_pass.ogg	sfx	2.00	-10.5	-13.7	-0.9	-10.5	-13.7	-0.9
traffic/semi_cross.ogg	sfx	3.20	-7.8	-11.0	0.4	-7.8	-11.0	0.4
traffic/semi_pass.ogg	sfx	2.80	-11.8	-15.7	-3.3	-11.8	-15.7	-3.3
traffic/tractor_cross.ogg	sfx	3.48	-10.7	-12.3	0.2	-10.7	-12.3	0.2
traffic/tractor_pass.ogg	sfx	2.48	-11.3	-12.7	0.2	-11.3	-12.7	0.2
traffic/trooper_pass.ogg	sfx	2.00	-10.6	-12.7	0.2	-10.6	-12.7	0.2
ui/cash.ogg	ui	0.80	-11.1	-14.4	-4.7	-11.1	-14.4	-4.7
ui/error.ogg	ui	0.30	-12.5	nan	-5.8	-12.5	nan	-5.8
ui/job_complete.ogg	ui	1.40	-10.6	-12.9	-4.3	-10.6	-12.9	-4.3
ui/level_up.ogg	ui	2.20	-11.2	-15.0	-4.1	-11.2	-15.0	-4.1
ui/menu_back.ogg	ui	0.26	-14.4	nan	-5.8	-14.4	nan	-5.8
ui/menu_move.ogg	ui	0.07	-19.7	nan	-6.0	-19.7	nan	-6.0
ui/menu_open.ogg	ui	0.25	-14.0	nan	-6.9	-14.0	nan	-6.9
ui/menu_select.ogg	ui	0.28	-12.2	nan	-5.0	-12.2	nan	-5.0
ui/notify.ogg	ui	0.70	-11.6	-14.1	-5.7	-11.6	-14.1	-5.7
ui/pause.ogg	ui	0.16	-16.2	nan	-6.9	-16.2	nan	-6.9
ui/tick.ogg	ui	0.03	-35.8	nan	-9.4	-35.8	nan	-9.4
ui/unpause.ogg	ui	0.16	-16.2	nan	-6.9	-16.2	nan	-6.9
ui/warning.ogg	ui	0.55	-8.0	-8.8	-4.3	-8.0	-8.8	-4.3
vehicle/air_dryer_purge.ogg	sfx	2.00	-6.6	-7.7	0.3	-6.6	-7.7	0.3
vehicle/air_pressurize.ogg	sfx	2.50	-24.0	-24.2	-16.7	-24.0	-24.2	-16.7
vehicle/bar_solid.wav	sfx	0.50	-7.5	-7.5	-6.1	-7.5	-7.5	-6.1
vehicle/brake_air.ogg	sfx	0.95	-15.2	-19.0	-3.7	-15.2	-19.0	-3.7
vehicle/brake_clunk_01.ogg	sfx	0.09	-27.3	nan	-7.0	-27.3	nan	-7.0
vehicle/brake_clunk_02.ogg	sfx	0.09	-27.0	nan	-9.3	-27.0	nan	-9.3
vehicle/brake_clunk_03.ogg	sfx	0.09	-27.0	nan	-8.9	-27.0	nan	-8.9
vehicle/brake_clunk_04.ogg	sfx	0.09	-27.0	nan	-8.6	-27.0	nan	-8.6
vehicle/brake_clunk_05.ogg	sfx	0.09	-27.0	nan	-8.8	-27.0	nan	-8.8
vehicle/brake_clunk_06.ogg	sfx	0.09	-27.0	nan	-8.8	-27.0	nan	-8.8
vehicle/brake_clunk_07.ogg	sfx	0.11	-27.1	nan	-8.9	-27.1	nan	-8.9
vehicle/brake_clunk_08.ogg	sfx	0.09	-27.0	nan	-8.9	-27.0	nan	-8.9
vehicle/brake_clunk_09.ogg	sfx	0.09	-26.9	nan	-8.7	-26.9	nan	-8.7
vehicle/brake_clunk_10.ogg	sfx	0.09	-27.0	nan	-9.1	-27.0	nan	-9.1
vehicle/brake_clunk_11.ogg	sfx	0.11	-27.0	nan	-9.2	-27.0	nan	-9.2
vehicle/brake_clunk_12.ogg	sfx	0.09	-26.9	nan	-9.4	-26.9	nan	-9.4
vehicle/brake_clunk_13.ogg	sfx	0.09	-27.0	nan	-9.0	-27.0	nan	-9.0
vehicle/brake_clunk_14.ogg	sfx	0.09	-27.0	nan	-9.0	-27.0	nan	-9.0
vehicle/brake_hiss_bed.ogg	sfx	2.00	-18.9	-19.0	-12.0	-18.9	-19.0	-12.0
vehicle/brake_release.ogg	sfx	0.74	-20.8	-23.1	-11.4	-20.8	-23.1	-11.4
vehicle/brake_set.ogg	sfx	0.64	-17.8	-19.9	-9.1	-17.8	-19.9	-9.1
vehicle/brake_squeal.ogg	sfx	2.20	-6.3	-10.8	1.0	-6.3	-10.8	1.0
vehicle/collision.ogg	sfx	1.40	-8.8	-12.4	-0.9	-8.8	-12.4	-0.9
vehicle/curve_bink.wav	sfx	0.13	-17.3	nan	-3.9	-17.3	nan	-3.9
vehicle/ebrake.ogg	sfx	2.50	-19.5	-23.6	-4.3	-19.5	-23.6	-4.3
vehicle/edge_clip.wav	sfx	4.00	-16.4	-17.7	-4.9	-16.4	-17.7	-4.9
vehicle/edge_shoulder.wav	sfx	4.00	-14.0	-17.1	-4.4	-14.0	-17.1	-4.4
vehicle/edge_strip.wav	sfx	4.00	-14.0	-17.8	-4.4	-14.0	-17.8	-4.4
vehicle/fuel_pump.ogg	sfx	1.70	-15.8	-16.3	-6.1	-15.8	-16.3	-6.1
vehicle/gear_grind.ogg	sfx	0.50	-11.9	-11.9	-4.4	-11.9	-11.9	-4.4
vehicle/gear_shift.ogg	sfx	0.54	-32.0	-32.4	-12.0	-32.0	-32.4	-12.0
vehicle/horn.ogg	sfx	0.66	-17.9	-18.6	-8.2	-17.9	-18.6	-8.2
vehicle/lane_centered.ogg	sfx	0.89	-4.4	-6.0	0.1	-4.4	-6.0	0.1
vehicle/lane_drift.ogg	sfx	0.48	-3.1	-3.1	-1.6	-3.1	-3.1	-1.6
vehicle/lane_line_cross.wav	sfx	1.00	-18.6	-22.9	-4.9	-18.6	-22.9	-4.9
vehicle/lane_locator.wav	sfx	0.07	-24.1	nan	-7.4	-24.1	nan	-7.4
vehicle/liquid_hit.wav	sfx	0.55	-16.9	-16.9	-3.4	-16.9	-16.9	-3.4
vehicle/liquid_hit_lateral.wav	sfx	0.55	-18.8	-18.8	-3.7	-18.8	-18.8	-3.7
vehicle/liquid_wash.wav	sfx	3.00	-11.2	-14.8	-5.7	-11.2	-14.8	-5.7
vehicle/low_air_buzzer.ogg	sfx	2.48	-5.6	-6.1	1.1	-5.6	-6.1	1.1
vehicle/overspeed_chime.ogg	sfx	0.70	-15.0	-18.8	-5.8	-15.0	-18.8	-5.8
vehicle/reverse.ogg	sfx	2.00	-6.1	-7.9	-4.6	-6.1	-7.9	-4.6
vehicle/road.ogg	sfx	30.00	-32.8	-33.9	-19.8	-32.8	-33.9	-19.8
vehicle/road_joint.ogg	sfx	0.16	-17.1	nan	-0.8	-17.1	nan	-0.8
vehicle/rumble_strip.ogg	sfx	0.87	-10.9	-11.0	-4.3	-10.9	-11.0	-4.3
vehicle/shift_auto_01.ogg	sfx	0.22	-20.0	nan	-9.5	-20.0	nan	-9.5
vehicle/shift_auto_02.ogg	sfx	0.22	-19.7	nan	-9.7	-19.7	nan	-9.7
vehicle/shift_auto_03.ogg	sfx	0.22	-19.8	nan	-10.3	-19.8	nan	-10.3
vehicle/shift_auto_04.ogg	sfx	0.22	-20.1	nan	-10.9	-20.1	nan	-10.9
vehicle/shift_auto_05.ogg	sfx	0.22	-20.5	nan	-10.8	-20.5	nan	-10.8
vehicle/shift_auto_06.ogg	sfx	0.22	-20.8	nan	-9.2	-20.8	nan	-9.2
vehicle/shift_auto_07.ogg	sfx	0.22	-19.5	nan	-7.7	-19.5	nan	-7.7
vehicle/shift_auto_08.ogg	sfx	0.22	-19.7	nan	-8.1	-19.7	nan	-8.1
vehicle/shift_auto_09.ogg	sfx	0.22	-27.2	nan	-3.3	-27.2	nan	-3.3
vehicle/shift_auto_10.ogg	sfx	0.22	-22.9	nan	-7.2	-22.9	nan	-7.2
vehicle/shift_auto_11.ogg	sfx	0.22	-24.2	nan	-3.5	-24.2	nan	-3.5
vehicle/shift_auto_12.ogg	sfx	0.22	-20.3	nan	-1.9	-20.3	nan	-1.9
vehicle/shift_auto_13.ogg	sfx	0.22	-22.1	nan	-6.0	-22.1	nan	-6.0
vehicle/shift_auto_14.ogg	sfx	0.22	-22.3	nan	-10.0	-22.3	nan	-10.0
vehicle/shift_auto_15.ogg	sfx	0.22	-24.7	nan	-3.5	-24.7	nan	-3.5
vehicle/shift_manual_01.ogg	sfx	0.80	-14.9	-16.0	-6.5	-14.9	-16.0	-6.5
vehicle/shift_manual_02.ogg	sfx	0.80	-15.9	-16.5	-9.5	-15.9	-16.5	-9.5
vehicle/shift_manual_03.ogg	sfx	0.80	-15.7	-17.1	-9.5	-15.7	-17.1	-9.5
vehicle/shift_manual_04.ogg	sfx	0.80	-15.8	-17.4	-7.3	-15.8	-17.4	-7.3
vehicle/shift_manual_05.ogg	sfx	0.80	-15.4	-18.2	-6.8	-15.4	-18.2	-6.8
vehicle/shift_manual_06.ogg	sfx	0.80	-15.2	-18.3	-5.6	-15.2	-18.3	-5.6
vehicle/shift_manual_07.ogg	sfx	0.80	-14.4	-16.3	-3.6	-14.4	-16.3	-3.6
vehicle/shift_manual_08.ogg	sfx	0.80	-16.2	-19.7	-4.3	-16.2	-19.7	-4.3
vehicle/shift_manual_09.ogg	sfx	0.80	-26.8	-29.9	-3.6	-26.8	-29.9	-3.6
vehicle/shift_manual_10.ogg	sfx	0.80	-18.8	-20.2	-6.3	-18.8	-20.2	-6.3
vehicle/shift_manual_11.ogg	sfx	0.80	-22.6	-25.1	-4.0	-22.6	-25.1	-4.0
vehicle/shift_manual_12.ogg	sfx	0.80	-19.1	-22.1	-1.9	-19.1	-22.1	-1.9
vehicle/shift_manual_13.ogg	sfx	0.80	-18.2	-21.2	-3.8	-18.2	-21.2	-3.8
vehicle/shift_manual_14.ogg	sfx	0.80	-19.3	-20.0	-10.3	-19.3	-20.0	-10.3
vehicle/shift_manual_15.ogg	sfx	0.80	-24.6	-26.3	-3.3	-24.6	-26.3	-3.3
vehicle/signal_tone.wav	sfx	0.09	-20.7	nan	-4.9	-20.7	nan	-4.9
vehicle/tire_screech.ogg	sfx	1.60	-2.3	-3.5	1.7	-2.3	-3.5	1.7
vehicle/transverse_strips.wav	sfx	1.75	-14.0	-14.7	-3.2	-14.0	-14.7	-3.2
vehicle/truck_door.ogg	sfx	0.40	-25.1	nan	-4.4	-25.1	nan	-4.4
vehicle/turn_signal.ogg	sfx	0.72	-27.0	-29.3	-6.0	-27.0	-29.3	-6.0
vehicle/turn_signal_off.ogg	sfx	0.14	-23.5	nan	-6.0	-23.5	nan	-6.0
weather/fog_horn.ogg	weather	10.00	-10.7	-16.3	-1.5	-10.7	-16.3	-1.5
weather/rain_heavy.ogg	weather	10.00	-13.7	-14.8	-3.1	-13.7	-14.8	-3.1
weather/rain_light.ogg	weather	10.00	-31.4	-35.8	-7.1	-25.5	-29.8	-1.7
weather/snow_wind.ogg	weather	10.00	-34.7	-42.0	-8.9	-27.9	-34.9	-2.3
weather/thunder.ogg	weather	4.00	-11.4	-17.4	-0.7	-11.4	-17.4	-0.7
weather/wind.ogg	weather	10.00	-14.8	-20.5	-3.1	-14.8	-20.5	-3.1
